{"base_lr": 0.01, "lr": 0.0034000000000000002, "data_time": 12.703145070075989, "grad_norm": 53.64332099914551, "loss": 66.18562759399414, "loss_cls": 24.505536575317382, "loss_bbox": 15.987564334869385, "loss_dfl": 25.692526512145996, "time": 27.086749997138977, "epoch": 26, "iter": 5575, "memory": 8184, "step": 5575}
{"base_lr": 0.01, "lr": 0.0034000000000000002, "data_time": 3.8473341989517214, "grad_norm": 53.99095367431641, "loss": 64.61929428100586, "loss_cls": 23.643363609313965, "loss_bbox": 15.499088306427002, "loss_dfl": 25.476842308044432, "time": 22.765597586631774, "epoch": 26, "iter": 5625, "memory": 6863, "step": 5625}
{"base_lr": 0.01, "lr": 0.0034000000000000002, "data_time": 4.257969179153442, "grad_norm": 52.78039016723633, "loss": 64.88766670227051, "loss_cls": 23.21386499404907, "loss_bbox": 16.12084016799927, "loss_dfl": 25.55296112060547, "time": 19.05334589958191, "epoch": 26, "iter": 5675, "memory": 6863, "step": 5675}
{"base_lr": 0.01, "lr": 0.0034000000000000002, "data_time": 7.865057134628296, "grad_norm": 54.6625269317627, "loss": 68.16723876953125, "loss_cls": 24.564783535003663, "loss_bbox": 16.92695352554321, "loss_dfl": 26.675501708984374, "time": 19.29717122077942, "epoch": 26, "iter": 5725, "memory": 6855, "step": 5725}
{"coco/bbox_mAP": 0.595, "coco/bbox_mAP_50": 0.714, "coco/bbox_mAP_75": 0.651, "coco/bbox_mAP_s": -1.0, "coco/bbox_mAP_m": -1.0, "coco/bbox_mAP_l": 0.595, "data_time": 0.4090520766501401, "time": 0.4212453986162734, "step": 26}
{"base_lr": 0.01, "lr": 0.0031250000000000006, "data_time": 16.63878782749176, "grad_norm": 53.63682861328125, "loss": 65.1998454284668, "loss_cls": 23.645304565429687, "loss_bbox": 15.809102115631104, "loss_dfl": 25.745438537597657, "time": 22.97919695854187, "epoch": 27, "iter": 5796, "memory": 6872, "step": 5796}
{"base_lr": 0.01, "lr": 0.0031250000000000006, "data_time": 14.35363739490509, "grad_norm": 55.463169479370116, "loss": 66.11895317077636, "loss_cls": 24.144704856872558, "loss_bbox": 15.96471197128296, "loss_dfl": 26.009535675048827, "time": 17.638248801231384, "epoch": 27, "iter": 5846, "memory": 6864, "step": 5846}
{"base_lr": 0.01, "lr": 0.0031250000000000006, "data_time": 12.736540727615356, "grad_norm": 55.89067825317383, "loss": 64.75309379577637, "loss_cls": 23.51628475189209, "loss_bbox": 15.652647075653077, "loss_dfl": 25.584161529541017, "time": 17.90696640968323, "epoch": 27, "iter": 5896, "memory": 6864, "step": 5896}
{"base_lr": 0.01, "lr": 0.0031250000000000006, "data_time": 9.59233630657196, "grad_norm": 54.69064918518066, "loss": 63.3667707824707, "loss_cls": 22.43122058868408, "loss_bbox": 15.612256870269775, "loss_dfl": 25.323293533325195, "time": 21.034318590164183, "epoch": 27, "iter": 5946, "memory": 6855, "step": 5946}
{"coco/bbox_mAP": 0.62, "coco/bbox_mAP_50": 0.737, "coco/bbox_mAP_75": 0.68, "coco/bbox_mAP_s": -1.0, "coco/bbox_mAP_m": -1.0, "coco/bbox_mAP_l": 0.62, "data_time": 0.41324769696102864, "time": 0.4251071798866093, "step": 27}
{"base_lr": 0.01, "lr": 0.0028500000000000005, "data_time": 20.247903656959533, "grad_norm": 53.192145080566405, "loss": 64.33942863464355, "loss_cls": 23.091830978393556, "loss_bbox": 15.543002853393554, "loss_dfl": 25.704595222473145, "time": 22.47543665409088, "epoch": 28, "iter": 6017, "memory": 6855, "step": 6017}
{"base_lr": 0.01, "lr": 0.0028500000000000005, "data_time": 12.961361985206604, "grad_norm": 53.540695648193356, "loss": 65.01079582214355, "loss_cls": 23.36154983520508, "loss_bbox": 15.695946350097657, "loss_dfl": 25.953299674987793, "time": 17.611781964302065, "epoch": 28, "iter": 6067, "memory": 6864, "step": 6067}
{"base_lr": 0.01, "lr": 0.0028500000000000005, "data_time": 14.565024886131287, "grad_norm": 54.758056716918944, "loss": 65.15685981750488, "loss_cls": 23.097933807373046, "loss_bbox": 15.98853126525879, "loss_dfl": 26.07039447784424, "time": 17.678167362213134, "epoch": 28, "iter": 6117, "memory": 6864, "step": 6117}
{"base_lr": 0.01, "lr": 0.0028500000000000005, "data_time": 18.574558157920837, "grad_norm": 54.984365158081054, "loss": 61.78326774597168, "loss_cls": 21.736001319885254, "loss_bbox": 14.930254459381104, "loss_dfl": 25.117012367248535, "time": 18.83626573085785, "epoch": 28, "iter": 6167, "memory": 6880, "step": 6167}
{"coco/bbox_mAP": 0.601, "coco/bbox_mAP_50": 0.717, "coco/bbox_mAP_75": 0.654, "coco/bbox_mAP_s": -1.0, "coco/bbox_mAP_m": -1.0, "coco/bbox_mAP_l": 0.601, "data_time": 0.4146600817254396, "time": 0.42635041292062936, "step": 28}
{"base_lr": 0.01, "lr": 0.002575, "data_time": 16.620449352264405, "grad_norm": 56.02513633728027, "loss": 63.19590240478516, "loss_cls": 23.16039264678955, "loss_bbox": 15.183306884765624, "loss_dfl": 24.852202339172365, "time": 22.269314255714416, "epoch": 29, "iter": 6238, "memory": 6872, "step": 6238}
{"base_lr": 0.01, "lr": 0.002575, "data_time": 17.91139029979706, "grad_norm": 55.72134521484375, "loss": 65.67103858947753, "loss_cls": 24.029494457244873, "loss_bbox": 15.924911632537842, "loss_dfl": 25.716632652282716, "time": 18.70962043762207, "epoch": 29, "iter": 6288, "memory": 6880, "step": 6288}
{"base_lr": 0.01, "lr": 0.002575, "data_time": 14.571292972564697, "grad_norm": 54.10795867919922, "loss": 64.63616035461426, "loss_cls": 23.11599687576294, "loss_bbox": 15.72104642868042, "loss_dfl": 25.79911636352539, "time": 18.273007049560547, "epoch": 29, "iter": 6338, "memory": 6880, "step": 6338}
{"base_lr": 0.01, "lr": 0.002575, "data_time": 4.8918013095855715, "grad_norm": 54.980412826538085, "loss": 61.58113746643066, "loss_cls": 21.71484561920166, "loss_bbox": 15.026779136657716, "loss_dfl": 24.839513511657714, "time": 17.512036166191102, "epoch": 29, "iter": 6388, "memory": 6880, "step": 6388}
{"coco/bbox_mAP": 0.623, "coco/bbox_mAP_50": 0.737, "coco/bbox_mAP_75": 0.68, "coco/bbox_mAP_s": -1.0, "coco/bbox_mAP_m": -1.0, "coco/bbox_mAP_l": 0.623, "data_time": 0.41635745602102436, "time": 0.4281686516394451, "step": 29}
{"base_lr": 0.01, "lr": 0.0023, "data_time": 16.88436414718628, "grad_norm": 56.274254150390625, "loss": 62.104069213867184, "loss_cls": 22.12082317352295, "loss_bbox": 15.027513675689697, "loss_dfl": 24.955732307434083, "time": 21.018413338661194, "epoch": 30, "iter": 6459, "memory": 6864, "step": 6459}
{"base_lr": 0.01, "lr": 0.0023, "data_time": 7.7146257972717285, "grad_norm": 56.347401275634766, "loss": 61.97236022949219, "loss_cls": 21.517932262420654, "loss_bbox": 15.170390281677246, "loss_dfl": 25.284037437438965, "time": 17.63814516544342, "epoch": 30, "iter": 6509, "memory": 6864, "step": 6509}
{"base_lr": 0.01, "lr": 0.0023, "data_time": 2.864268808364868, "grad_norm": 56.13063941955566, "loss": 61.93659027099609, "loss_cls": 21.382794342041016, "loss_bbox": 15.454456615447999, "loss_dfl": 25.0993395614624, "time": 19.139105167388916, "epoch": 30, "iter": 6559, "memory": 6864, "step": 6559}
{"base_lr": 0.01, "lr": 0.0023, "data_time": 0.9282180166244507, "grad_norm": 57.8329328918457, "loss": 62.358389892578124, "loss_cls": 22.186694431304932, "loss_bbox": 14.984266777038574, "loss_dfl": 25.187428932189942, "time": 17.24613380432129, "epoch": 30, "iter": 6609, "memory": 6855, "step": 6609}
{"coco/bbox_mAP": 0.628, "coco/bbox_mAP_50": 0.741, "coco/bbox_mAP_75": 0.678, "coco/bbox_mAP_s": -1.0, "coco/bbox_mAP_m": -1.0, "coco/bbox_mAP_l": 0.628, "data_time": 0.4129131249881351, "time": 0.42482311341904816, "step": 30}
{"base_lr": 0.01, "lr": 0.002025, "data_time": 4.718033766746521, "grad_norm": 94.96488090515136, "loss": 55.71675765991211, "loss_cls": 19.433207626342774, "loss_bbox": 12.916425905227662, "loss_dfl": 23.367124252319336, "time": 5.531348872184753, "epoch": 31, "iter": 6680, "memory": 6816, "step": 6680}
{"base_lr": 0.01, "lr": 0.002025, "data_time": 3.0490627574920652, "grad_norm": 94.24511352539062, "loss": 58.939066848754884, "loss_cls": 19.82313108444214, "loss_bbox": 14.559300680160522, "loss_dfl": 24.556635246276855, "time": 5.185176410675049, "epoch": 31, "iter": 6730,